Internet Movie Database;awards;poster;year;writer;country;director;duration;dvdYear;imdb_id;title;imdb_rating;language;imdb_votes;plot;genre;Rotten tomatoes;actors;Metacritic;metascore;releasedMonth;releasedYear;production
83.0;Nominated for 3 Oscars. Another 23 wins & 17 nominations.;https://m.media-amazon.com/images/M/MV5BMDU2ZWJlMjktMTRhMy00ZTA5LWEzNDgtYmNmZTEwZTViZWJkXkEyXkFqcGdeQXVyNDQ2OTk4MzI@._V1_SX300.jpg;1995;John Lasseter (original story by), Pete Docter (original story by), Andrew Stanton (original story by), Joe Ranft (original story by), Joss Whedon (screenplay by), Andrew Stanton (screenplay by), Joel Cohen (screenplay by), Alec Sokolow (screenplay by);USA;John Lasseter;81;2001;tt0114709;Toy Story;8.3;English;761,649;A cowboy doll is profoundly threatened and jealous when a new spaceman figure supplants him as top toy in a boy's room.;Animation, Adventure, Comedy, Family, Fantasy;100;Tom Hanks, Tim Allen, Don Rickles, Jim Varney;95.0;95;Nov;1995;Buena Vista
69.0;4 wins & 9 nominations.;https://m.media-amazon.com/images/M/MV5BZTk2ZmUwYmEtNTcwZS00YmMyLWFkYjMtNTRmZDA3YWExMjc2XkEyXkFqcGdeQXVyMTQxNzMzNDI@._V1_SX300.jpg;1995;Jonathan Hensleigh (screenplay by), Greg Taylor (screenplay by), Jim Strain (screenplay by), Greg Taylor (screen story by), Jim Strain (screen story by), Chris Van Allsburg (screen story by), Chris Van Allsburg (based on the book by);USA;Joe Johnston;104;2000;tt0113497;Jumanji;6.9;English, French;258,966;When two kids find and play a magical board game, they release a man trapped for decades in it and a host of dangers that can only be stopped by finishing the game.;Adventure, Family, Fantasy;53;Robin Williams, Jonathan Hyde, Kirsten Dunst, Bradley Pierce;39.0;39;Dec;1995;Sony Pictures Home Entertainment
66.0;2 wins & 2 nominations.;https://m.media-amazon.com/images/M/MV5BMjQxM2YyNjMtZjUxYy00OGYyLTg0MmQtNGE2YzNjYmUyZTY1XkEyXkFqcGdeQXVyMTQxNzMzNDI@._V1_SX300.jpg;1995;Mark Steven Johnson (characters), Mark Steven Johnson;USA;Howard Deutch;101;1997;tt0113228;Grumpier Old Men;6.6;English, Italian, German;21,823;John and Max resolve to save their beloved bait shop from turning into an Italian restaurant, just as its new female owner catches Max's attention.;Comedy, Romance;17;Walter Matthau, Jack Lemmon, Sophia Loren, Ann-Margret;46.0;46;Dec;1995;Warner Home Video
58.0;8 wins & 9 nominations.;https://m.media-amazon.com/images/M/MV5BYzcyMDY2YWQtYWJhYy00OGQ2LTk4NzktYWJkNDYwZWJmY2RjXkEyXkFqcGdeQXVyMTA0MjU0Ng@@._V1_SX300.jpg;1995;Terry McMillan (novel), Terry McMillan (screenplay), Ronald Bass (screenplay);USA;Forest Whitaker;124;2001;tt0114885;Waiting to Exhale;5.8;English;8,407;Based on Terry McMillan's novel, this film follows four very different African-American women and their relationships with the male gender.;Comedy, Drama, Romance;56;Whitney Houston, Angela Bassett, Loretta Devine, Lela Rochon;0;N/A;Dec;1995;Twentieth Century Fox Home Entertainment
60.0;Nominated for 1 Golden Globe. Another 1 win & 1 nomination.;https://m.media-amazon.com/images/M/MV5BOTEyNzg5NjYtNDU4OS00MWYxLWJhMTItYWU4NTkyNDBmM2Y0XkEyXkFqcGdeQXVyMTQxNzMzNDI@._V1_SX300.jpg;1995;Albert Hackett (screenplay Father's Little Dividend), Frances Goodrich (screenplay Father's Little Dividend), Nancy Meyers (screenplay), Charles Shyer (screenplay);USA;Charles Shyer;106;2000;tt0113041;Father of the Bride Part II;6.0;English;30,387;George Banks must deal not only with the pregnancy of his daughter, but also with the unexpected pregnancy of his wife.;Comedy, Family, Romance;48;Steve Martin, Diane Keaton, Martin Short, Kimberly Williams-Paisley;49.0;49;Dec;1995;Disney
82.0;12 nominations.;https://m.media-amazon.com/images/M/MV5BNDc0YTQ5NGEtM2NkYS00MWRhLThiNzAtNmY3NWU3YzNkMjIyXkEyXkFqcGdeQXVyNzkwMjQ5NzM@._V1_SX300.jpg;1995;Michael Mann;USA;Michael Mann;170;1999;tt0113277;Heat;8.2;English, Spanish;508,985;A group of professional bank robbers start to feel the heat from police when they unknowingly leave a clue at their latest heist.;Crime, Drama, Thriller;86;Al Pacino, Robert De Niro, Val Kilmer, Jon Voight;76.0;76;Dec;1995;Warner Bros.
63.0;Nominated for 2 Oscars. Another 2 wins & 4 nominations.;https://m.media-amazon.com/images/M/MV5BYjQ5ZjQ0YzQtOGY3My00MWVhLTgzNWItOTYwMTE5N2ZiMDUyXkEyXkFqcGdeQXVyNjUwMzI2NzU@._V1_SX300.jpg;1995;Samuel A. Taylor (play), Billy Wilder (earlier screenplay), Samuel A. Taylor (earlier screenplay), Ernest Lehman (earlier screenplay), Barbara Benedek (screenplay), David Rayfiel (screenplay);Germany, USA;Sydney Pollack;127;2002;tt0114319;Sabrina;6.3;English, French;33,162;An ugly duckling having undergone a remarkable change, still harbors feelings for her crush: a carefree playboy, but not before his business-focused brother has something to say about it.;Comedy, Drama;64;Harrison Ford, Julia Ormond, Greg Kinnear, Nancy Marchand;56.00000000000001;56;Dec;1995;Paramount
56.0;1 win & 5 nominations.;https://m.media-amazon.com/images/M/MV5BN2ZkZTMxOTAtMzg1Mi00M2U0LWE2NWItZDg4YmQyZjVkMDdhXkEyXkFqcGdeQXVyNTM5NzI0NDY@._V1_SX300.jpg;1995;Mark Twain (novel), Stephen Sommers (screenplay), David Loughery (screenplay);USA;Peter Hewitt;97;2003;tt0112302;Tom and Huck;5.6;English;8,742;Two best friends witness a murder and embark on a series of adventures in order to prove the innocence of the man wrongly accused of the crime.;Adventure, Comedy, Drama, Family, Romance, Western;25;Jonathan Taylor Thomas, Brad Renfro, Eric Schweig, Charles Rocket;0;N/A;Dec;1995;Buena Vista
57.0;N/A;https://m.media-amazon.com/images/M/MV5BN2NjYWE5NjMtODlmZC00MjJhLWFkZTktYTJlZTI4YjVkMGNmXkEyXkFqcGdeQXVyNDc2NjEyMw@@._V1_SX300.jpg;1995;Karen Elise Baldwin (story), Gene Quintano (screenplay);USA;Peter Hyams;111;1998;tt0114576;Sudden Death;5.7;English;29,070;A former fireman takes on a group of terrorists holding the Vice President and others hostage during the seventh game of the NHL Stanley Cup finals.;Action, Crime, Thriller;54;Jean-Claude Van Damme, Powers Boothe, Raymond J. Barry, Whittni Wright;0;N/A;Dec;1995;MCA Universal Home Video
72.0;Nominated for 2 BAFTA Film Awards. Another 2 wins & 6 nominations.;https://m.media-amazon.com/images/M/MV5BMzk2OTg4MTk1NF5BMl5BanBnXkFtZTcwNjExNTgzNA@@._V1_SX300.jpg;1995;Ian Fleming (characters), Michael France (story), Jeffrey Caine (screenplay), Bruce Feirstein (screenplay);UK, USA;Martin Campbell;130;1999;tt0113189;GoldenEye;7.2;English, Russian, Spanish;218,219;James Bond teams up with the lone survivor of a destroyed Russian research center to stop the hijacking of a nuclear space weapon by a fellow Agent formerly believed to be dead.;Action, Adventure, Thriller;78;Pierce Brosnan, Sean Bean, Izabella Scorupco, Famke Janssen;65.0;65;Nov;1995;MGM/UA
68.0;Nominated for 1 Oscar. Another 1 win & 9 nominations.;https://m.media-amazon.com/images/M/MV5BMTI5NDU2NDYzOF5BMl5BanBnXkFtZTYwNDk5MDI5._V1_SX300.jpg;1995;Aaron Sorkin;USA;Rob Reiner;114;1999;tt0112346;The American President;6.8;English, French, Spanish;47,150;Comedy-drama about a widowed U.S. President and a lobbyist who fall in love. It's all above-board, but politics is perception, and sparks fly anyway.;Comedy, Drama, Romance;90;Michael Douglas, Annette Bening, Martin Sheen, Michael J. Fox;67.0;67;Nov;1995;Columbia Pictures
58.0;N/A;https://m.media-amazon.com/images/M/MV5BZWQ0ZDFmYzMtZGMyMi00NmYxLWE0MGYtYzM2ZGNhMTE1NTczL2ltYWdlL2ltYWdlXkEyXkFqcGdeQXVyMjM5ODMxODc@._V1_SX300.jpg;1995;Mel Brooks (screenplay), Rudy De Luca (screenplay), Steve Haberman (screenplay), Rudy De Luca (story), Steve Haberman (story), Bram Stoker (characters);France, USA;Mel Brooks;88;2004;tt0112896;Dracula: Dead and Loving It;5.8;English, German;34,510;Mel Brooks' parody of the classic vampire story and its famous film adaptations.;Comedy, Fantasy, Horror;11;Leslie Nielsen, Peter MacNicol, Steven Weber, Amy Yasbeck;0;N/A;Dec;1995;WARNER BROTHERS PICTURES
71.0;1 nomination.;https://m.media-amazon.com/images/M/MV5BMjBhNmFlZjMtMzhlYy00NDBlLWFiMjctMmE0ZjgwOGM2MTNmXkEyXkFqcGdeQXVyNjExODE1MDc@._V1_SX300.jpg;1995;Cliff Ruby (screenplay), Elana Lesser (screenplay), David Steven Cohen (screenplay), Roger S.H. Schulman (screenplay);USA;Simon Wells;78;2002;tt0112453;Balto;7.1;English;35,225;An outcast half-wolf risks his life to prevent a deadly epidemic from ravaging Nome, Alaska.;Animation, Adventure, Drama, Family, History;52;Kevin Bacon, Bob Hoskins, Bridget Fonda, Jim Cummings;0;N/A;Dec;1995;MCA Universal Home Video
71.0;Nominated for 4 Oscars. Another 10 wins & 13 nominations.;https://m.media-amazon.com/images/M/MV5BNzBlOWY0ZmEtZjdkYS00ZGU0LWEwN2YtYzBkNDM5ZDBjMmI1XkEyXkFqcGdeQXVyMTAwMzUyOTc@._V1_SX300.jpg;1995;Stephen J. Rivele, Christopher Wilkinson, Oliver Stone;USA;Oliver Stone;192;1999;tt0113987;Nixon;7.1;English, Mandarin, Russian;26,469;A biographical story of former U.S. President Richard Milhous Nixon, from his days as a young boy, to his eventual Presidency, which ended in shame.;Biography, Drama, History;75;Anthony Hopkins, Joan Allen, Powers Boothe, Ed Harris;66.0;66;Jan;1996;Buena Vista Pictures
56.0;1 nomination.;https://m.media-amazon.com/images/M/MV5BMDg2YTI0YmQtYzgwMi00Zjk4LWJkZjgtYjg0ZDE2ODUzY2RlL2ltYWdlXkEyXkFqcGdeQXVyNjQzNDI3NzY@._V1_SX300.jpg;1995;Michael Frost Beckner (story), James Gorman (story), Bruce A. Evans (story), Raynold Gideon (story), Robert King (screenplay), Marc Norman (screenplay);USA, France, Italy, Germany;Renny Harlin;124;2000;tt0112760;Cutthroat Island;5.6;English;23,591;A female pirate and her companion race against their rivals to find a hidden island that contains a fabulous treasure.;Action, Adventure, Comedy;38;Geena Davis, Matthew Modine, Frank Langella, Maury Chaykin;37.0;37;Dec;1995;Live Home Video
82.0;Nominated for 1 Oscar. Another 3 wins & 9 nominations.;https://m.media-amazon.com/images/M/MV5BMTcxOWYzNDYtYmM4YS00N2NkLTk0NTAtNjg1ODgwZjAxYzI3XkEyXkFqcGdeQXVyNTA4NzY1MzY@._V1_SX300.jpg;1995;Nicholas Pileggi (book), Nicholas Pileggi (screenplay), Martin Scorsese (screenplay);USA, France;Martin Scorsese;178;1998;tt0112641;Casino;8.2;English;400,173;A tale of greed, deception, money, power, and murder occur between two best friends: a mafia enforcer and a casino executive, compete against each other over a gambling empire, and over a fast living and fast loving socialite.;Crime, Drama;79;Robert De Niro, Sharon Stone, Joe Pesci, James Woods;73.0;73;Nov;1995;Universal Pictures
77.0;Won 1 Oscar. Another 31 wins & 44 nominations.;https://m.media-amazon.com/images/M/MV5BNzk1MjU3MDQyMl5BMl5BanBnXkFtZTcwNjc1OTM2MQ@@._V1_SX300.jpg;1995;Jane Austen (novel), Emma Thompson (screenplay);USA, UK;Ang Lee;136;1998;tt0114388;Sense and Sensibility;7.7;English, French;89,082;Rich Mr. Dashwood dies, leaving his second wife and her three daughters poor by the rules of inheritance. The two eldest daughters are the titular opposites.;Drama, Romance;98;James Fleet, Tom Wilkinson, Harriet Walter, Kate Winslet;84.0;84;Jan;1996;Columbia Pictures
67.0;1 win & 1 nomination.;https://m.media-amazon.com/images/M/MV5BNDc3Y2YwMjUtYzlkMi00MTljLTg1ZGMtYzUwODljZTI1OTZjXkEyXkFqcGdeQXVyMTQxNzMzNDI@._V1_SX300.jpg;1995;Allison Anders, Alexandre Rockwell, Robert Rodriguez, Quentin Tarantino;USA;Allison Anders, Alexandre Rockwell, Robert Rodriguez, Quentin Tarantino;98;1999;tt0113101;Four Rooms;6.7;English;88,271;Four interlocking tales that take place in a fading hotel on New Year's Eve.;Comedy;14;Sammi Davis, Amanda De Cadenet, Valeria Golino, Madonna;0;N/A;Dec;1995;Miramax Films
63.0;7 wins & 6 nominations.;https://m.media-amazon.com/images/M/MV5BNGFiYTgxZDctNGI4OS00MWU1LWIwOGUtZmMyNGQxYjVkZjQ3XkEyXkFqcGdeQXVyMTQxNzMzNDI@._V1_SX300.jpg;1995;Jack Bernstein (characters), Steve Oedekerk;USA;Steve Oedekerk;90;1997;tt0112281;Ace Ventura: When Nature Calls;6.3;English;182,460;Ace Ventura, Pet Detective, returns from a spiritual quest to investigate the disappearance of a rare white bat, the sacred animal of a tribe in Africa.;Adventure, Comedy, Crime;33;Jim Carrey, Ian McNeice, Simon Callow, Maynard Eziashi;45.0;45;Nov;1995;Warner Home Video
56.0;1 nomination.;https://m.media-amazon.com/images/M/MV5BYWZlMzIwYzYtOWZiMi00ZGEzLWFhYmQtNmEzYzJlNDg1NjhjXkEyXkFqcGdeQXVyNTAyODkwOQ@@._V1_SX300.jpg;1995;Doug Richardson (story), Doug Richardson (screenplay), David Loughery (screenplay);USA;Joseph Ruben;110;2001;tt0113845;Money Train;5.6;English;35,618;A vengeful New York City transit cop decides to steal a trainload of subway fares. His foster brother, a fellow cop, tries to protect him.;Action, Comedy, Crime, Drama, Thriller;22;Wesley Snipes, Woody Harrelson, Jennifer Lopez, Robert Blake;0;N/A;Nov;1995;Sony Pictures Home Entertainment
69.0;Won 1 Golden Globe. Another 5 wins & 15 nominations.;https://m.media-amazon.com/images/M/MV5BMjAwODYzNDY4Ml5BMl5BanBnXkFtZTcwODkwNTgzNA@@._V1_SX300.jpg;1995;Elmore Leonard (novel), Scott Frank (screenplay);USA;Barry Sonnenfeld;105;1997;tt0113161;Get Shorty;6.9;English;69,416;A mobster travels to Hollywood to collect a debt, and discovers that the movie business is much the same as his current job.;Comedy, Crime, Thriller;87;John Travolta, Gene Hackman, Rene Russo, Danny DeVito;82.0;82;Oct;1995;MGM
66.0;2 wins & 1 nomination.;https://images-na.ssl-images-amazon.com/images/M/MV5BYWUwNDk2ZDYtNmFkMi00NjE5LWE1M2ItYTRkNTFjZDU3ZDU4L2ltYWdlL2ltYWdlXkEyXkFqcGdeQXVyMTYxNjkxOQ@@._V1_SX300.jpg;1995;Ann Biderman, David Madsen;USA;Jon Amiel;123;1998;tt0112722;Copycat;6.6;English;46,166;An agoraphobic psychologist and a female detective must work together to take down a serial killer who copies serial killers from the past.;Drama, Mystery, Thriller;76;Sigourney Weaver, Holly Hunter, Dermot Mulroney, William McNamara;54.0;54;Oct;1995;Warner Home Video
63.0;1 win & 1 nomination.;https://m.media-amazon.com/images/M/MV5BZGI1NDA4ZDItNTRjMi00YTU3LTkwZDEtYjdlNTI1ZjQxZDM1XkEyXkFqcGdeQXVyNDc2NjEyMw@@._V1_SX300.jpg;1995;Lilly Wachowski (story), Lana Wachowski (story), Lilly Wachowski (screenplay), Lana Wachowski (screenplay), Brian Helgeland (screenplay);France, USA;Richard Donner;132;1997;tt0112401;Assassins;6.3;English, Dutch, Spanish;71,028;Professional hit-man Robert Rath wants to fulfill a few more contracts before retiring but unscrupulous ambitious newcomer hit-man Miguel Bain keeps killing Rath's targets.;Action, Crime, Thriller;15;Sylvester Stallone, Antonio Banderas, Julianne Moore, Anatoli Davydov;0;N/A;Oct;1995;Warner Home Video
66.0;1 win & 1 nomination.;https://m.media-amazon.com/images/M/MV5BOGUzYzNiZTItYmZlNi00ODI1LThjNTMtNjI1MTNlZDQ0OGY2XkEyXkFqcGdeQXVyNjExODE1MDc@._V1_SX300.jpg;1995;Victor Salva;USA;Victor Salva;111;1999;tt0114168;Powder;6.6;English;26,537;An off the charts genius who is home schooled and shunned after his last relative dies shows the unconscious residents of his town about connection awareness and the generosity of the spirit.;Drama, Fantasy, Mystery;50;Mary Steenburgen, Sean Patrick Flanery, Lance Henriksen, Jeff Goldblum;0;N/A;Oct;1995;Hollywood Pictures
75.0;Won 1 Oscar. Another 30 wins & 26 nominations.;https://m.media-amazon.com/images/M/MV5BNDg3MDM5NTI0MF5BMl5BanBnXkFtZTcwNDY0NDk0NA@@._V1_SX300.jpg;1995;John O'Brien (based upon the novel by), Mike Figgis (screenplay by);France, UK, USA;Mike Figgis;111;1998;tt0113627;Leaving Las Vegas;7.5;English, Russian;104,245;Ben Sanderson, a Hollywood screenwriter who lost everything because of his alcoholism, arrives in Las Vegas to drink himself to death. There, he meets and forms an uneasy friendship and non-interference pact with prostitute Sera.;Drama, Romance;90;Nicolas Cage, Elisabeth Shue, Julian Sands, Richard Lewis;82.0;82;Feb;1996;United Artists
69.0;3 nominations.;https://m.media-amazon.com/images/M/MV5BMTIxMzA2ODk2NV5BMl5BanBnXkFtZTcwMzQ4ODIyMQ@@._V1_SX300.jpg;1995;Oliver Parker (adaptation), William Shakespeare (play);USA, UK;Oliver Parker;123;2000;tt0114057;Othello;6.9;English;8,371;The Moorish general Othello is manipulated into thinking that his new wife Desdemona has been carrying on an affair with his lieutenant Michael Cassio when in reality it is all part of the scheme of a bitter ensign named Iago.;Drama, Romance;67;Laurence Fishburne, Irène Jacob, Kenneth Branagh, Nathaniel Parker;0;N/A;Jan;1996;Sony Pictures Home Entertainment
68.0;1 nomination.;https://m.media-amazon.com/images/M/MV5BMTM2MDQ1YjUtMGM0NC00NmFlLTljMDktZjJiNWRhMWYxOWYyXkEyXkFqcGdeQXVyNjgzMjI4ODE@._V1_SX300.jpg;1995;I. Marlene King;USA;Lesli Linka Glatter;100;1999;tt0114011;Now and Then;6.8;English;23,717;Four 12-year-old girls grow up together during an eventful small-town summer in 1970.;Comedy, Drama, Romance;28;Christina Ricci, Rosie O'Donnell, Thora Birch, Melanie Griffith;0;N/A;Oct;1995;New Line Home Entertainment
77.0;7 wins & 2 nominations.;http://ia.media-imdb.com/images/M/MV5BMTc5NzAwNDAyN15BMl5BanBnXkFtZTYwMjYzMDc5._V1_SX300.jpg;1995;Jane Austen (novel), Nick Dear (screenplay);UK, USA, France;Roger Michell;107;2004;tt0114117;Persuasion;7.7;English;8,758;Eight years earlier, Anne Elliot, the daughter of a financially troubled aristocratic family, was persuaded to break off her engagement to Frederick Wentworth, a young seaman, who, though ...;Drama, Romance;85;Amanda Root, Ciarán Hinds, Susan Fleetwood, Corin Redgrave;0;N/A;Sep;1995;Sony Pictures Home Entertainment
76.0;2 wins & 11 nominations.;https://m.media-amazon.com/images/M/MV5BZGQxZDMwYzYtYmFjNi00NWYyLThjZjAtMDJhODZhYTkyZDNhXkEyXkFqcGdeQXVyNTAyODkwOQ@@._V1_SX300.jpg;1995;Gilles Adrien, Jean-Pierre Jeunet, Marc Caro, Gilles Adrien (dialogue), Guillaume Laurant (additional dialogue), Jean-Pierre Jeunet (additional dialogue);France, Germany, Spain, Belgium;Marc Caro, Jean-Pierre Jeunet;112;1999;tt0112682;The City of Lost Children;7.6;French, Cantonese;60,656;A scientist in a surrealist society kidnaps children to steal their dreams, hoping that they slow his aging process.;Fantasy, Sci-Fi;79;Ron Perlman, Daniel Emilfork, Judith Vittet, Dominique Pinon;73.0;73;Dec;1995;Sony Pictures Classics
72.0;Nominated for 1 Oscar. Another 5 wins & 3 nominations.;https://m.media-amazon.com/images/M/MV5BMTgyMzAwOTQyNF5BMl5BanBnXkFtZTcwNDU1MjgxMQ@@._V1_SX300.jpg;1995;Bi Feiyu, Li Xiao (novel);France, China;Yimou Zhang;108;2000;tt0115012;Shanghai Triad;7.2;Mandarin;4,562;A provincial boy related to a Shanghai crime family is recruited by his uncle into cosmopolitan Shanghai in the 1930s to be a servant to a ganglord's mistress.;Crime, Drama, Romance;87;Li Gong, Baotian Li, Xiaoxiao Wang, Xuejian Li;0;N/A;Dec;1995;Sony Pictures Home Entertainment
65.0;6 wins & 6 nominations.;https://m.media-amazon.com/images/M/MV5BZjk2YjNkYTYtOTZkNy00ZmRkLWI5ODEtYzA4MTM3MzMyZjhlXkEyXkFqcGdeQXVyMTQxNzMzNDI@._V1_SX300.jpg;1995;LouAnne Johnson (book), Ronald Bass (screenplay);USA;John N. Smith;99;1999;tt0112792;Dangerous Minds;6.5;English;43,465;An ex-Marine turned teacher struggles to connect with her students in an inner city school.;Biography, Drama;29;Michelle Pfeiffer, George Dzundza, Courtney B. Vance, Robin Bartlett;47.0;47;Aug;1995;Disney
80.0;Nominated for 2 Oscars. Another 9 wins & 18 nominations.;https://m.media-amazon.com/images/M/MV5BN2Y2OWU4MWMtNmIyMy00YzMyLWI0Y2ItMTcyZDc3MTdmZDU4XkEyXkFqcGdeQXVyMTQxNzMzNDI@._V1_SX300.jpg;1995;Chris Marker (film La Jetée), David Webb Peoples (screenplay), Janet Peoples (screenplay);USA;Terry Gilliam;129;1998;tt0114746;Twelve Monkeys;8.0;English, French;529,867;In a future world devastated by disease, a convict is sent back in time to gather information about the man-made virus that wiped out most of the human population on the planet.;Mystery, Sci-Fi, Thriller;89;Joseph Melito, Bruce Willis, Jon Seda, Michael Chance;74.0;74;Jan;1996;Universal Pictures
68.0;Won 1 Oscar. Another 18 wins & 23 nominations.;https://m.media-amazon.com/images/M/MV5BYjg4ZjUzMzMtYzlmYi00YTcwLTlkOWUtYWFmY2RhNjliODQzXkEyXkFqcGdeQXVyNTUyMzE4Mzg@._V1_SX300.jpg;1995;Dick King-Smith (novel), George Miller (screenplay), Chris Noonan (screenplay);Australia, USA;Chris Noonan;91;2003;tt0112431;Babe;6.8;English;105,838;Babe, a pig raised by sheepdogs, learns to herd sheep with a little help from Farmer Hoggett.;Comedy, Drama, Family;97;Christine Cavanaugh, Miriam Margolyes, Danny Mann, Hugo Weaving;83.0;83;Aug;1995;Universal Pictures
75.0;Won 1 Oscar. Another 20 wins & 19 nominations.;https://m.media-amazon.com/images/M/MV5BMTM3NzA1MjM2N15BMl5BanBnXkFtZTcwMzY3MTMzNA@@._V1_SX300.jpg;1995;Helen Prejean (book), Tim Robbins;UK, USA;Tim Robbins;122;1998;tt0112818;Dead Man Walking;7.5;English;81,030;A nun, while comforting a convicted killer on death row, empathizes with both the killer and his victim's families.;Crime, Drama;95;Susan Sarandon, Sean Penn, Robert Prosky, Raymond J. Barry;80.0;80;Feb;1996;Gramercy Pictures
58.0;1 win & 3 nominations.;https://m.media-amazon.com/images/M/MV5BMzdhMGU0MzEtZjg1Ny00YzE5LWE0MGQtMTNiN2UwN2I5ZDBjXkEyXkFqcGdeQXVyNTgzMzU5MDI@._V1_SX300.jpg;1995;Deborah Dean Davis;USA;Andy Tennant;101;2002;tt0113442;It Takes Two;5.8;English;17,394;Alyssa (a rich girl) and Amanda (an orphan) are two little girls who are identical, but complete strangers, that accidentally meet one day. In an attempt to stop Alyssa's father from ...;Comedy, Family, Romance;8;Kirstie Alley, Steve Guttenberg, Mary-Kate Olsen, Ashley Olsen;45.0;45;Nov;1995;Warner Home Video
68.0;6 wins & 11 nominations.;https://m.media-amazon.com/images/M/MV5BMTgxODIxODE2MF5BMl5BanBnXkFtZTgwOTA4NjQxMTE@._V1_SX300.jpg;1995;Amy Heckerling;USA;Amy Heckerling;97;2006;tt0112697;Clueless;6.8;English, Spanish;149,551;A rich high school student tries to boost a new pupil's popularity, but reckons without affairs of the heart getting in the way.;Comedy, Romance;68.0;Alicia Silverstone, Stacey Dash, Brittany Murphy, Paul Rudd;0;68;Jul;1995;N/A
69.0;1 win & 4 nominations.;https://m.media-amazon.com/images/M/MV5BMTcwMDU1OTEwOF5BMl5BanBnXkFtZTcwMTg5NjEyMQ@@._V1_SX300.jpg;1995;Ronald Harwood (screenplay), Alan Paton (novel);South Africa, USA;Darrell Roodt;106;2003;tt0112749;Cry, the Beloved Country;6.9;English;1,563;A South African preacher goes to search for his wayward son, who has committed a crime in the big city.;Drama, Thriller;85;James Earl Jones, Richard Harris, Vusi Kunene, Charles S. Dutton;71.0;71;Dec;1995;Miramax
75.0;Nominated for 2 Oscars. Another 7 wins & 10 nominations.;https://m.media-amazon.com/images/M/MV5BOWI3NjhhZDItNWQ2NS00Zjg0LWIzMjctNzY0MjRmNzkyYzVmXkEyXkFqcGdeQXVyMTA0MjU0Ng@@._V1_SX300.jpg;1995;William Shakespeare (play), Ian McKellen, Richard Loncraine;UK, USA;Richard Loncraine;110;2001;tt0114279;Richard III;7.5;English;12,626;The classic Shakespearean play about a murderously scheming King staged in an alternative fascist England setting.;Drama, Sci-Fi, War;94;Christopher Bowen, Edward Jewesbury, Ian McKellen, Bill Paterson;0;N/A;Dec;1995;United Artists
69.0;2 nominations.;https://m.media-amazon.com/images/M/MV5BNjdhZWEzMzEtMjNhZS00OThhLWFiZWUtM2EwMWU5MWE0MDA4XkEyXkFqcGdeQXVyMTQxNzMzNDI@._V1_SX300.jpg;1995;Allen Hughes (story), Albert Hughes (story), Michael Henry Brown (story), Michael Henry Brown (screenplay), Wallace Terry (story Specialist No.4 Haywood T. 'The Kid' Kirkland);USA;Albert Hughes, Allen Hughes;119;1998;tt0112819;Dead Presidents;6.9;English;17,536;A Vietnam vet adjusts to life after the war while trying to support his family, but the chance of a better life may involve crime and bloodshed.;Action, Crime, Drama, Thriller, War;45;Larenz Tate, Keith David, Chris Tucker, Freddy Rodríguez;0;N/A;Oct;1995;Hollywood Pictures
67.0;Won 2 Oscars. Another 2 nominations.;https://images-na.ssl-images-amazon.com/images/M/MV5BMTQxODZiZTUtNTlhNy00Y2Q3LWFjMjctOTYyZGY2ZmIxZGRkXkEyXkFqcGdeQXVyMTQxNzMzNDI@._V1_SX300.jpg;1995;Rose Tremain (novel), Rupert Walters (screenplay);USA, UK;Michael Hoffman;117;1999;tt0114272;Restoration;6.7;English, Latin;7,995;The exiled royal physician to King Charles II devotes himself to helping Londoners suffering from the plague, and in the process falls in love with an equally poor woman.;Biography, Drama, History;70;Robert Downey Jr., Sam Neill, David Thewlis, Polly Walker;0;N/A;Feb;1996;Miramax
58.0;1 win & 3 nominations.;https://m.media-amazon.com/images/M/MV5BNzJhYjYxMTctNmY4My00NGIzLThmN2MtYjgwMjlmZWNjMTJlL2ltYWdlL2ltYWdlXkEyXkFqcGdeQXVyMTQxNzMzNDI@._V1_SX300.jpg;1995;Ed Boon (video games), John Tobias (video games), Kevin Droney;USA;Paul W.S. Anderson;101;1997;tt0113855;Mortal Kombat;5.8;English;91,380;Three unknowing martial artists are summoned to a mysterious island to compete in a tournament whose outcome will decide the fate of the world.;Action, Adventure, Fantasy, Sci-Fi, Thriller;38;Christopher Lambert, Robin Shou, Linden Ashby, Cary-Hiroyuki Tagawa;57.99999999999999;58;Aug;1995;New Line Home Entertainment
68.0;Won 1 Golden Globe. Another 6 wins & 12 nominations.;https://m.media-amazon.com/images/M/MV5BNGZhYzgwNzItNDljNC00MDM4LThiYjEtNDRhNmE5NDk2MTQ0XkEyXkFqcGdeQXVyMTQxNzMzNDI@._V1_SX300.jpg;1995;Joyce Maynard (book), Buck Henry (screenplay);USA, UK, Canada;Gus Van Sant;106;2001;tt0114681;To Die For;6.8;English;38,869;A beautiful but naïve aspiring television personality films a documentary on teenagers with a darker ulterior motive.;Comedy, Crime, Drama;88;Nicole Kidman, Matt Dillon, Joaquin Phoenix, Casey Affleck;86.0;86;Oct;1995;Columbia Pictures
62.0;4 nominations.;https://images-na.ssl-images-amazon.com/images/M/MV5BNGYwZmZkYWItNjdmMi00MjI2LThmOGYtMmI1NTQ0OWQ1YWIxXkEyXkFqcGdeQXVyNzA5NjUyNjM@._V1_SX300.jpg;1995;Whitney Otto (novel), Jane Anderson (screenplay);USA;Jocelyn Moorhouse;117;1999;tt0113347;How to Make an American Quilt;6.2;English;9,386;Bride-to-be Finn Dodd hears tales of romance and sorrow from her elders as they construct a quilt.;Comedy, Drama, Romance;61;Kaelynn Craddick, Sara Craddick, Kate Capshaw, Adam Baldwin;0;N/A;Oct;1995;MCA Universal Home Video
86.0;Nominated for 1 Oscar. Another 25 wins & 33 nominations.;https://m.media-amazon.com/images/M/MV5BOTUwODM5MTctZjczMi00OTk4LTg3NWUtNmVhMTAzNTNjYjcyXkEyXkFqcGdeQXVyNjU0OTQ0OTY@._V1_SX300.jpg;1995;Andrew Kevin Walker;USA;David Fincher;127;1997;tt0114369;Se7en;8.6;English;1,232,616;Two detectives, a rookie and a veteran, hunt a serial killer who uses the seven deadly sins as his motives.;Crime, Drama, Mystery, Thriller;81;Morgan Freeman, Andrew Kevin Walker, Daniel Zacapa, Brad Pitt;65.0;65;Sep;1995;New Line Cinema
67.0;Won 2 Oscars. Another 13 wins & 6 nominations.;https://m.media-amazon.com/images/M/MV5BMzc4YzhiN2ItY2Y4NC00YTA0LWEyMjEtNzllNTcxZDdjODhiXkEyXkFqcGdeQXVyNTUyMzE4Mzg@._V1_SX300.jpg;1995;Carl Binder, Susannah Grant, Philip LaZebnik, Glen Keane (story), Joe Grant (story), Ralph Zondag (story), Burny Mattinson (story), Ed Gombert (story), Kaan Kalyon (story), Francis Glebas (story), Rob Gibbs (story), Bruce Morris (story), Todd Kurosawa (story), Duncan Marjoribanks (story), Chris Buck (story), Andrew Chapman (additional story development), Randy Cartwright (additional story development), Will Finn (additional story development), Broose Johnson (additional story development), T. Daniel Hofstedt (additional story development), David Pruiksma (additional story development), Nik Ranieri (additional story development), Vincent DeFrances (additional story development), Tom Mazzocco (additional story development), Don Dougherty (additional story development), Jorgen Klubien (additional story development), Mike Gabriel (based on an idea by);USA;Mike Gabriel, Eric Goldberg;81;2000;tt0114148;Pocahontas;6.7;English, Algonquin;145,332;An English soldier and the daughter of an Algonquin chief share a romance when English colonists invade seventeenth-century Virginia.;Animation, Adventure, Drama, Family, Musical, Romance;56;Joe Baker, Christian Bale, Irene Bedard, Billy Connolly;57.99999999999999;58;Jun;1995;Buena Vista Distribution Compa
66.0;5 nominations.;https://m.media-amazon.com/images/M/MV5BNmZmNzc3ZWYtNTI2ZS00NWFlLWFkMWMtMGUxN2UxZjljZTY5XkEyXkFqcGdeQXVyNTM3MDMyMDQ@._V1_SX300.jpg;1995;Patricia Rozema;Canada;Patricia Rozema;94;2008;tt0114916;When Night Is Falling;6.6;English;5,989;An uptight and conservative woman, working on tenure as a literacy professor at a large urban university, finds herself strangely attracted to a free-spirited, liberal woman who works at a local carnival that comes to town.;Drama, Romance;50;Pascale Bussières, Rachael Crawford, Henry Czerny, David Fox;0;N/A;Nov;1995;Evergreen
86.0;Won 2 Oscars. Another 32 wins & 15 nominations.;https://m.media-amazon.com/images/M/MV5BYTViNjMyNmUtNDFkNC00ZDRlLThmMDUtZDU2YWE4NGI2ZjVmXkEyXkFqcGdeQXVyNjU0OTQ0OTY@._V1_SX300.jpg;1995;Christopher McQuarrie;USA, Germany;Bryan Singer;106;1999;tt0114814;The Usual Suspects;8.6;English, Hungarian, Spanish, French;873,538;A sole survivor tells of the twisty events leading up to a horrific gun battle on a boat, which began when five criminals met at a seemingly random police lineup.;Crime, Mystery, Thriller;89;Stephen Baldwin, Gabriel Byrne, Benicio Del Toro, Kevin Pollak;77.0;77;Sep;1995;Gramercy Pictures
71.0;Won 1 Oscar. Another 11 wins & 11 nominations.;https://m.media-amazon.com/images/M/MV5BMGM1NzM2ZjktNDM5ZS00YmExLTk5ZmYtNDdkNjdkNTdhZWZkXkEyXkFqcGdeQXVyNjE5MjUyOTM@._V1_SX300.jpg;1995;Woody Allen;USA;Woody Allen;95;1999;tt0113819;Mighty Aphrodite;7.1;English, Latin;35,114;When he discovers his adopted son is a genius, a New York sportswriter seeks out the boy's birth mother: a ditzy porn star and prostitute.;Comedy, Fantasy, Romance;77;Pamela Blair, Rene Ceballos, Elie Chaib, George De La Pena;59.0;59;Nov;1995;Miramax Films
76.0;21 wins & 17 nominations.;https://images-na.ssl-images-amazon.com/images/M/MV5BMTk0MTI5MjU3MF5BMl5BanBnXkFtZTcwMjMzODUyMQ@@._V1_SX300.jpg;1994;Gianni Amelio, Andrea Porporati, Alessandro Sermoneta;Italy, France, Switzerland, Austria;Gianni Amelio;116;2004;tt0110299;Lamerica;7.6;Albanian, Italian;1,807;Two Italian racketeers come to Albania just after the fall of the communists to set up a fictive firm and pocket the grants. They need a stooge. They choose an old one in a jail : Spiro. ...;Drama;91;Enrico Lo Verso, Michele Placido, Piro Milkani, Carmelo Di Mazzarelli;0;N/A;Oct;1995;Arena Films
55.0;N/A;https://m.media-amazon.com/images/M/MV5BNmY4NWVkM2UtY2FkZC00NWJiLTg5N2EtYzk4NjJkMGE0YzA3XkEyXkFqcGdeQXVyNTM5NzI0NDY@._V1_SX300.jpg;1995;Holly Goldberg Sloan;USA;Holly Goldberg Sloan;100;2004;tt0112499;The Big Green;5.5;English;7,955;A teacher on exchange from England is placed in an underachieving Texan school, where she coaches the children in soccer, improving their self esteem and leading to unexpected success.;Comedy, Family, Sport;0;Steve Guttenberg, Olivia d'Abo, Jay O. Sanders, John Terry;0;N/A;Sep;1995;Walt Disney Pictures
65.0;Nominated for 1 Oscar. Another 4 wins & 6 nominations.;https://images-na.ssl-images-amazon.com/images/M/MV5BZWJiNjMwYzMtZWU5Yi00NGI0LTg5NGYtZDY4MWRiYjEwYTYzXkEyXkFqcGdeQXVyMTAwMzUyOTc@._V1_SX300.jpg;1995;Barbara Turner;USA, France;Ulu Grosbard;115;2000;tt0113158;Georgia;6.5;English, Hebrew;2,569;Sadie is desperately looking up to her older sister Georgia who is a famous C&W artist. Sadie wants to be a famous artist like her sister, but is always doing everything wrong. Her ...;Drama, Music;80;Jennifer Jason Leigh, Mare Winningham, Ted Levine, Max Perlich;81.0;81;Dec;1995;LionsGate Entertainment
66.0;2 nominations.;https://m.media-amazon.com/images/M/MV5BMWU3NmFlNzAtMDM0Zi00OGM0LTgxN2EtZDVlNTBmYWYzNWUzXkEyXkFqcGdeQXVyNTM5NzI0NDY@._V1_SX300.jpg;1995;Chris Radant (short story), W.D. Richter (screenplay);USA;Jodie Foster;103;2004;tt0113321;Home for the Holidays;6.6;English;10,320;After losing her job, making out with her soon-to-be former boss, and finding out that her daughter plans to spend Thanksgiving with her boyfriend, Claudia Larson faces spending the holiday with her family.;Comedy, Drama, Romance;63;Holly Hunter, Robert Downey Jr., Anne Bancroft, Charles Durning;56.00000000000001;56;Nov;1995;Passport
1080.0;Won 1 Oscar. Another 29 wins & 17 nominations.; he uses this to woo local beauty Beatrice.;Antonio Skármeta (novel), Furio Scarpelli (story), Giacomo Scarpelli (story), Anna Pavignano (screenplay), Michael Radford (screenplay), Furio Scarpelli (screenplay), Giacomo Scarpelli (screenplay), Massimo Troisi (screenplay);Il Postino;Italy, France, Belgium;Michael Radford, Massimo Troisi;1996;1994;tt0110877;Penta Film;7.7;Italian, Spanish;29,610;Simple Italian postman learns to love poetry while delivering mail to a famous poet;Biography, Comedy, Drama;77.0;Philippe Noiret, Massimo Troisi, Maria Grazia Cucinotta, Renato Scarpa;93;81;2000;Mar;https://m.media-amazon.com/images/M/MV5BYWZmNjkzOGItNmI4ZS00MDQ1LThhMzQtOTI3MThjOTI4Njg2XkEyXkFqcGdeQXVyMDUyOTUyNQ@@._V1_SX300.jpg
59.0;1 win & 6 nominations.;https://m.media-amazon.com/images/M/MV5BZWZlYmZiZGMtN2YyZC00MTdjLTllNjUtYWNhZDMwNDhhOTM1XkEyXkFqcGdeQXVyNTI4MjkwNjA@._V1_SX300.jpg;1995;Lynne Reid Banks (novel), Melissa Mathison (screenplay);USA;Frank Oz;96;2001;tt0113419;The Indian in the Cupboard;5.9;English;23,154;A nine year old Omri is journey to someone has opened the cupboard, this time is Native American Man and A cagey warrior name Little Bear, but that will be enough?;Drama, Family, Fantasy;71;Hal Scardino, Litefoot, Lindsay Crouse, Richard Jenkins;57.99999999999999;58;Jul;1995;Sony Pictures Home Entertainment
62.0;N/A;https://m.media-amazon.com/images/M/MV5BMDM4Mzc5ZjAtM2JjMi00NzU1LWEzM2MtNDQzNWI5MmRkM2I1XkEyXkFqcGdeQXVyNTAyODkwOQ@@._V1_SX300.jpg;1996;Erika Holzer (novel), Amanda Silver (screenplay), Rick Jaffa (screenplay);USA;John Schlesinger;101;2008;tt0116260;Eye for an Eye;6.2;English, French, Spanish, Korean;11,751;When the courts fail to keep behind bars the man who raped and murdered her daughter, a woman seeks her own form of justice.;Crime, Drama, Thriller;0;Sally Field, Ed Harris, Olivia Burnette, Alexandra Kyle;0;N/A;Jan;1996;Leo Films
73.0;Nominated for 1 Oscar. Another 5 wins & 4 nominations.;https://m.media-amazon.com/images/M/MV5BZDZhNDRlZjAtYzdhNy00ZjU1LWFlMDYtNjA5NjliM2Y5ZmVjL2ltYWdlXkEyXkFqcGdeQXVyNjE5MjUyOTM@._V1_SX300.jpg;1995;Patrick Sheane Duncan;USA;Stephen Herek;143;1999;tt0113862;Mr. Holland's Opus;7.3;English, American Sign Language;32,873;A frustrated composer finds fulfillment as a high school music teacher.;Drama, Music;75;Richard Dreyfuss, Glenne Headly, Jay Thomas, Olympia Dukakis;59.0;59;Jan;1996;N/A
66.0;1 nomination.;https://m.media-amazon.com/images/M/MV5BY2NmM2M2MWItNjdlMC00ZWI3LTkwODUtZDNkYWZjYjgzZjY3XkEyXkFqcGdeQXVyMTQxNzMzNDI@._V1_SX300.jpg;1996;Shawn Wayans, Marlon Wayans, Phil Beauman;USA;Paris Barclay;89;2002;tt0116126;Don't Be a Menace to South Central While Drinking Your Juice in the Hood;6.6;English, Spanish;43,658;Don't Be a Menace to South Central While Drinking your Juice in the Hood is a parody of several U.S. films about being in the 'Hood', for instance Boyz n the Hood, South Central, ...;Comedy, Crime;31;Shawn Wayans, Marlon Wayans, Tracey Cherelle Jones, Chris Spencer;0;N/A;Jan;1996;Miramax
52.0;N/A;https://images-na.ssl-images-amazon.com/images/M/MV5BMTY5MDcxNjY5MV5BMl5BanBnXkFtZTYwNDMxMTk5._V1_SX300.jpg;1996;Denis Leary (story), Mike Armstrong (story), Ann Lembeck (story), Denis Leary (screenplay), Mike Armstrong (screenplay);USA;Bill Bennett;96;2001;tt0118002;Two If by Sea;5.2;English;4,827;Frank O'Brien, a petty thief, and his 7-year-long girlfriend Roz want to put an end to their unsteady lifestyle and just do that _last_ job, which involves stealing a valuable painting. ...;Comedy, Crime, Romance;11;Denis Leary, Sandra Bullock, Stephen Dillane, Yaphet Kotto;0;N/A;Jan;1996;Warner Home Video
44.0;3 wins & 1 nomination.;https://m.media-amazon.com/images/M/MV5BYzY0ZjI0NTUtNDE4Yi00OGU2LWExZDMtNTY1MTM3ZWE3MzEyXkEyXkFqcGdeQXVyMTQxNzMzNDI@._V1_SX300.jpg;1996;Adam Leff (story), Mitchell Peck (story), Jason Blumenthal (story), Kip Koenig (screenplay), Scott Marcano (screenplay);USA;Jason Bloom;88;2002;tt0115683;Bio-Dome;4.4;English;23,870;Moronic best friends get themselves locked inside the Bio-Dome, a science experiment, along with a group of environmental scientists for one year.;Comedy;4;William Atherton, Denise Dowse, Dara Tomanovich, Kevin West;1.0;1;Jan;1996;MGM/United Artists
24.0;1 nomination.;https://ia.media-imdb.com/images/M/MV5BZGI0ZDZhOGUtZDZiOS00NWE2LThjNzQtYzI3ZGFjODUwZjlkXkEyXkFqcGdeQXVyMTQxNzMzNDI@._V1_SX300.jpg;1996;Farhad Mann (story), Michael Miner (story), Farhad Mann (screenplay);USA;Farhad Mann;93;2003;tt0116839;Lawnmower Man 2: Beyond Cyberspace;2.4;English;8,482;Jobe is resuscitated by Jonathan Walker. He wants Jobe to create a special computer chip that would connect all the computers in the world into one network, which Walker would control and ...;Action, Sci-Fi, Thriller;11;Patrick Bergin, Matt Frewer, Austin O'Brien, Ely Pouget;28.999999999999996;29;Jan;1996;New Line Home Entertainment
64.0;Nominated for 1 Golden Globe. Another 3 wins & 5 nominations.;https://m.media-amazon.com/images/M/MV5BMTQyNzIyMjI1MV5BMl5BanBnXkFtZTgwMjkyMzUzMzE@._V1_SX300.jpg;1995;Patrick Aubrée, Josiane Balasko, Telsche Boorman (story);France;Josiane Balasko;104;2003;tt0113149;French Twist;6.4;French, Spanish;4,141;After learning of her husband's infidelities, a housewife invites an itinerant lesbian to move in with them. None of their lives will ever be the same again.;Comedy;55;Victoria Abril, Josiane Balasko, Alain Chabat, Ticky Holgado;0;N/A;Jan;1996;Canal +
73.0;1 win & 5 nominations.;https://m.media-amazon.com/images/M/MV5BYmEwNjNlZTUtNzkwMS00ZTlhLTkyY2MtMjM2MzlmODQyZGVhXkEyXkFqcGdeQXVyNTI4MjkwNjA@._V1_SX300.jpg;1995;Ice Cube, DJ Pooh;USA;F. Gary Gray;91;2002;tt0113118;Friday;7.3;English;87,509;Two homies, Smokey and Craig, smoke a dope dealer's weed and try to figure a way to get the $200 they owe to the dealer by 10 p.m. that same night.;Comedy, Drama;54.0;Ice Cube, Chris Tucker, Nia Long, Tommy 'Tiny' Lister;0;54;Apr;1995;Zebra
73.0;4 wins & 9 nominations.;https://m.media-amazon.com/images/M/MV5BZjk3YmZhMDAtOWUzMS00YjE5LTkxNzAtY2I1NGZjMDA2ZTk0XkEyXkFqcGdeQXVyMTQxNzMzNDI@._V1_SX300.jpg;1996;Robert Kurtzman (story), Quentin Tarantino (screenplay);USA;Robert Rodriguez;108;1998;tt0116367;From Dusk Till Dawn;7.3;English, Spanish;251,202;Two criminals and their hostages unknowingly seek temporary refuge in a truck stop populated by vampires, with chaotic results.;Action, Crime, Horror;63;George Clooney, Quentin Tarantino, Harvey Keitel, Juliette Lewis;48.0;48;Jan;1996;Dimension Films
42.0;4 nominations.;https://m.media-amazon.com/images/M/MV5BMTE4M2Q2ZjctMGViNS00NzhiLWFkMjMtMjY2NWMzOWUzM2Y3XkEyXkFqcGdeQXVyNjU0NTI0Nw@@._V1_SX300.jpg;1995;Paula Gosling (novel), Charlie Fletcher (screenplay);USA;Andrew Sipes;91;1999;tt0113010;Fair Game;4.2;English, Russian;11,127;Max Kirkpatrick is a cop who protects Kate McQuean, a civil law attorney, from a renegade KGB team out to terminate her.;Action, Crime, Romance, Thriller;12;William Baldwin, Cindy Crawford, Steven Berkoff, Christopher McDonald;13.0;13;Nov;1995;Warner Home Video
70.0;1 nomination.;https://m.media-amazon.com/images/M/MV5BNWU2YjdlN2ItNTk2OS00MzMwLTlhYjctNDI0MDI0NTQ3OWY0XkEyXkFqcGdeQXVyNzI1NzMxNzM@._V1_SX300.jpg;1995;Noah Baumbach (story), Bo Berkman (story), Noah Baumbach;USA;Noah Baumbach;96;2006;tt0113537;Kicking and Screaming;7.0;English;8,494;After college graduation, Grover's girlfriend Jane tells him she's moving to Prague to study writing. Grover declines to accompany her, deciding instead to move in with several friends, all...;Comedy, Drama, Romance;57;Josh Hamilton, Samuel Gould, Catherine Kellner, Jonathan Baumbach;75.0;75;Oct;1995;Trimark
75.0;Won 1 Golden Globe. Another 5 wins & 2 nominations.;https://images-na.ssl-images-amazon.com/images/M/MV5BMTg1NzgyNTk0N15BMl5BanBnXkFtZTYwNjk4MDU5._V1_SX300.jpg;1995;Victor Hugo (novel), Claude Lelouch;France;Claude Lelouch;175;1996;tt0113828;Les Misérables;7.5;French, German, English;3,304;A variation on Victor Hugo's classic novel by means of the story of a man whose life is affected by and somewhat duplicated by the Hugo story of the beleaguered Jean Valjean.;Drama, History;80;Jean-Paul Belmondo, Michel Boujenah, Alessandra Martines, Salomé Lelouch;0;N/A;Nov;1995;Warner Home Video
61.0;N/A;https://m.media-amazon.com/images/M/MV5BNTUwOWM4YmUtMzdkMi00YjEwLWE0MmEtZTBmMGNhYWU4OGI3XkEyXkFqcGdeQXVyNzc5MjA3OA@@._V1_SX300.jpg;1996;Michael Goldenberg;USA;Michael Goldenberg;87;1999;tt0115644;Bed of Roses;6.1;English;7,406;Romantic drama about a young career girl who is swept off her feet by a shy florist, who fell in love with her after one glimpse through a shadowy window.;Romance, Drama;19;Christian Slater, Mary Stuart Masterson, Pamela Adlon, Josh Brolin;0;N/A;Jan;1996;New Line Home Entertainment
46.0;3 wins.;https://m.media-amazon.com/images/M/MV5BYzAzMmUyNTYtNTQ4Yi00ZDJmLTliMTAtOTFlY2U0ODNiMGNmXkEyXkFqcGdeQXVyNTIzOTk5ODM@._V1_SX300.jpg;1996;Mark Steven Johnson;USA;Steve Miner;90;2000;tt0115676;Big Bully;4.6;English;4,112;A writer returns to his hometown where he faces the childhood nemesis whose life he ultimately ruined, only the bully wants to relive their painful past by torturing him once again.;Comedy, Thriller;0;Rick Moranis, Tom Arnold, Julianne Phillips, Carol Kane;0;N/A;Jan;1996;Warner Home Video
64.0;3 nominations.;https://m.media-amazon.com/images/M/MV5BM2M2ZGM0NDUtODRhNS00MjcxLTg3ZWYtYjkyZDJkYmVjOWYwXkEyXkFqcGdeQXVyMTQxNzMzNDI@._V1_SX300.jpg;1995;Philip K. Dick (short story Second Variety), Dan O'Bannon (screenplay), Miguel Tejada-Flores (screenplay);Canada, USA, Japan;Christian Duguay;108;2000;tt0114367;Screamers;6.4;English;22,710;(SIRIUS 6B, Year 2078) On a distant mining planet ravaged by a decade of war, scientists have created the perfect weapon: a blade-wielding, self-replicating race of killing devices known as...;Sci-Fi, Thriller;30;Peter Weller, Roy Dupuis, Jennifer Rubin, Andrew Lauer;0;N/A;Jan;1996;Sony Pictures Home Entertainment
670.0;4 wins.; from cutie German mädchen to the first of the supermodels, to glamorous diva of the Velvet Underground, to cult item,...;Susanne Ofteringer (screenplay);Nico Icon;Germany, USA;Susanne Ofteringer;1995;1995;tt0113973;N/A;7.3;English, German;607;A look into the many lives of Christa Päffgen, otherwise known as Nico;Documentary, Biography, Music;73.0;Nico, Tina Aumont, Christian Päffgen, Edith Boulogne;88;N/A;;Nov;https://m.media-amazon.com/images/M/MV5BNTY2MDM2NzcyM15BMl5BanBnXkFtZTcwMjk3MzcyMQ@@._V1_SX300.jpg
63.0;Nominated for 1 Golden Globe. Another 3 nominations.;https://m.media-amazon.com/images/M/MV5BMjkwNWMyZjQtNmU5MS00ZWE1LWE3NzMtNGZjNTlhYzcwNjIzXkEyXkFqcGdeQXVyMTAwMzUyOTc@._V1_SX300.jpg;1995;Sean Penn;USA;Sean Penn;111;1999;tt0112744;The Crossing Guard;6.3;English;11,780;Freddy Gale is a seedy jeweller who has sworn to kill the drunk driver who killed his little girl.;Drama, Thriller;75;Jack Nicholson, David Morse, Anjelica Huston, Robin Wright;46.0;46;Nov;1995;Miramax
56.0;1 win & 2 nominations.;https://m.media-amazon.com/images/M/MV5BYTMzNjAyZTktNzRjMS00ZThmLTk5ODEtZWI5ZmYyZGNiNzMxXkEyXkFqcGdeQXVyNjU0NTI0Nw@@._V1_SX300.jpg;1996;George Dawes Green (novel), Ted Tally (screenplay);USA;Brian Gibson;118;2001;tt0116731;The Juror;5.6;English;15,447;A juror in a Mafia trial is forced to convince the other jurors to vote not guilty by an obsessive mob enforcer.;Drama, Thriller;15;Demi Moore, Alec Baldwin, Joseph Gordon-Levitt, James Gandolfini;0;N/A;Feb;1996;Sony Pictures Home Entertainment
78.0;5 wins & 3 nominations.;https://images-na.ssl-images-amazon.com/images/M/MV5BMTE5ODk5MDAwN15BMl5BanBnXkFtZTYwNDA3MjE5._V1_SX300.jpg;1995;Abbas Kiarostami, Jafar Panahi (original idea), Parviz Shahbazi (original idea);Iran;Jafar Panahi;85;1997;tt0112445;The White Balloon;7.8;Persian;5,402;Several people try to help a little girl to find the money her mom gave her to buy a goldfish with.;Drama, Family;80;Aida Mohammadkhani, Mohsen Kafili, Fereshteh Sadre Orafaiy, Anna Borkowska;0;N/A;Nov;1995;October Films
68.0;2 wins.;https://m.media-amazon.com/images/M/MV5BMzI0OWEzZmItOGUyOC00M2Y2LWIzNDEtY2EzYzAwNWI0ZDkyXkEyXkFqcGdeQXVyNTc1NTQxODI@._V1_SX300.jpg;1995;Scott Rosenberg;USA;Gary Fleder;115;1999;tt0114660;Things to Do in Denver When You're Dead;6.8;English;24,292;Five different criminals face imminent death after botching a job quite badly.;Crime, Drama;33;Andy Garcia, Christopher Lloyd, William Forsythe, Bill Nunn;46.0;46;Dec;1995;Miramax
75.0;Won 1 Oscar. Another 6 wins & 8 nominations.;https://ia.media-imdb.com/images/M/MV5BMTgwNjkwOTQ5NV5BMl5BanBnXkFtZTcwNjc3ODAyMQ@@._V1_SX300.jpg;1995;Marleen Gorris;Netherlands, Belgium, UK, France;Marleen Gorris;102;1999;tt0112379;Antonia's Line;7.5;Dutch;7,401;A Dutch matron establishes and, for several generations, oversees a close-knit, matriarchal community where feminism and liberalism thrive.;Comedy, Drama;67;Willeke van Ammelrooy, Els Dottermans, Dora van der Groen, Veerle van Overloop;0;N/A;Feb;1996;BMG
72.0;2 wins & 2 nominations.;https://images-na.ssl-images-amazon.com/images/M/MV5BMTI4NDk2MDcyNV5BMl5BanBnXkFtZTcwMTQxNTMyMQ@@._V1_SX300.jpg;1995;Clifton L. Taulbert (book), Paul W. Cooper (screenplay);USA;Tim Reid;115;2001;tt0114039;Once Upon a Time... When We Were Colored;7.2;English;429;A narrator tells the story of his childhood years in a tightly knit Afro-American community in the deep south under racial segregation.;Drama, Romance;71;Al Freeman Jr., Phylicia Rashad, Leon, Paula Kelly;0;N/A;Jan;1996;Republic Pictures Home Video
70.0;Nominated for 1 Oscar. Another 2 wins & 2 nominations.;https://m.media-amazon.com/images/M/MV5BZTc1MzY1ODAtMDhlMS00NjgyLTlkNTEtZTUwYTM4MzFkNWNmXkEyXkFqcGdeQXVyNDE5MTU2MDE@._V1_SX300.jpg;1995;A.S. Byatt (novel), Belinda Haas (screenplay), Philip Haas (screenplay);UK, USA;Philip Haas;116;2002;tt0112365;Angels and Insects;7.0;English;4,194;In the 1800s a naturalist marries into a family of British country gentry.;Drama, Romance;71;Mark Rylance, Kristin Scott Thomas, Patsy Kensit, Jeremy Kemp;0;N/A;Jan;1996;MGM Home Entertainment
66.0;1 nomination.;https://m.media-amazon.com/images/M/MV5BZjlmMDcwMWUtODBlZi00MmJkLThiODAtY2NkOGQxMTExZDU3L2ltYWdlXkEyXkFqcGdeQXVyNjQzNDI3NzY@._V1_SX300.jpg;1996;Charles Gieg Jr. (book), Felix Sutton (book), Todd Robinson;USA, UK;Ridley Scott;129;1999;tt0118158;White Squall;6.6;English, Danish, Spanish;19,557;Teenage boys discover discipline and camaraderie on an ill-fated sailing voyage.;Adventure, Drama;60;Jeff Bridges, Caroline Goodall, John Savage, Scott Wolf;53.0;53;Feb;1996;Hollywood Pictures
53.0;4 nominations.;https://m.media-amazon.com/images/M/MV5BN2RhOTA4YzAtNTg3NC00NmYxLWI1YjQtYzM4NTJlYzVhZGYwXkEyXkFqcGdeQXVyMTQxNzMzNDI@._V1_SX300.jpg;1996;John Hopkins (story), John Hopkins (screenplay), Bruce Graham (screenplay);USA;Ken Kwapis;88;2002;tt0116151;Dunston Checks In;5.3;English, French;10,814;A young boy befriends a larcenous orangutan in a luxury hotel.;Comedy, Adventure, Family;6;Jason Alexander, Faye Dunaway, Eric Lloyd, Rupert Everett;54.0;54;Jan;1996;Twentieth Century Fox Home Entertainment
62.0;N/A;https://m.media-amazon.com/images/M/MV5BYjc2NzU0YjUtYzkyNS00NjcwLWJiM2QtM2Y3YjFhMTQ0M2I3XkEyXkFqcGdeQXVyMTQxNzMzNDI@._V1_SX300.jpg;1996;Fred Wolf;USA;Penelope Spheeris;87;2002;tt0115697;Black Sheep;6.2;English;33,003;A gubernatorial candidate hires a wormy special assistant whose only job is to make sure the candidate's well-meaning but incompetent brother doesn't ruin the election.;Comedy;28;Chris Farley, David Spade, Tim Matheson, Christine Ebersole;0;N/A;Feb;1996;Paramount Home Video
63.0;N/A;https://m.media-amazon.com/images/M/MV5BODg1ODNjMzItYjRkMS00NmExLTkxNWUtMWYwNWM2NDU1YzU1XkEyXkFqcGdeQXVyNTAyODkwOQ@@._V1_SX300.jpg;1995;Patrick Sheane Duncan;USA;John Badham;90;1999;tt0113972;Nick of Time;6.3;English;35,951;An unimpressive, every-day man is forced into a situation where he is told to kill a politician to save his kidnapped daughter.;Action, Crime, Drama, Thriller;33;Johnny Depp, Courtney Chase, Charles S. Dutton, Christopher Walken;0;N/A;Nov;1995;Paramount Home Video
58.0;6 nominations.;https://m.media-amazon.com/images/M/MV5BZWI5MzBiMjgtNDE2ZC00MTA1LWFmNWItZDQyMDA2NGE0MjQ5XkEyXkFqcGdeQXVyMTQxNzMzNDI@._V1_SX300.jpg;1996;Valerie Martin (novel), Christopher Hampton (screenplay);USA, UK;Stephen Frears;108;2000;tt0117002;Mary Reilly;5.8;English;12,965;A housemaid falls in love with Dr. Jekyll and his darkly mysterious counterpart, Mr. Hyde.;Drama, Horror, Romance, Thriller;26;Julia Roberts, John Malkovich, George Cole, Michael Gambon;44.0;44;Feb;1996;Sony Pictures Home Entertainment
45.0;N/A;https://m.media-amazon.com/images/M/MV5BNWFlYjJiYzUtNWE1YS00YzM5LTkxYzMtN2FlMjI4NTNlNzExXkEyXkFqcGdeQXVyMTQxNzMzNDI@._V1_SX300.jpg;1995;Eddie Murphy (story), Vernon Lynch (story), Charlie Murphy (story), Charlie Murphy (screenplay), Michael Lucker (screenplay), Chris Parker (screenplay);USA;Wes Craven;100;2002;tt0114825;Vampire in Brooklyn;4.5;English;19,373;Maximillian is the only survivor from a race of vampires on a Caribbean Island, and as a vampire, he must find a mate to keep the line from ending. He knows that a child had been born to a ...;Comedy, Fantasy, Horror, Romance;10;Eddie Murphy, Angela Bassett, Allen Payne, Kadeem Hardison;27.0;27;Oct;1995;Paramount
72.0;1 win & 3 nominations.;https://m.media-amazon.com/images/M/MV5BOTQ4OTU0ODktY2E5YS00MGFhLTgwZTEtZWFkOGMxMmFmOTg0XkEyXkFqcGdeQXVyNzc5MjA3OA@@._V1_SX300.jpg;1996;Scott Rosenberg;USA;Ted Demme;112;2001;tt0115639;Beautiful Girls;7.2;English;29,180;A piano player at a crossroads in his life returns home to his friends and their own problems with life and love.;Comedy, Drama, Romance;79;Matt Dillon, Noah Emmerich, Annabeth Gish, Lauren Holly;64.0;64;Feb;1996;Miramax Films
60.0;1 win & 3 nominations.;https://m.media-amazon.com/images/M/MV5BYzU2NDg3ZTItNzRmNy00NTQzLTljMDUtNjczOTMwZjEzNWVkXkEyXkFqcGdeQXVyMTQxNzMzNDI@._V1_SX300.jpg;1996;Graham Yost;USA;John Woo;108;1999;tt0115759;Broken Arrow;6.0;English;84,288;Terrorists steal nuclear warheads from the U.S. military but don't count on a pilot and park ranger spoiling their plans.;Action, Adventure, Thriller;53;John Travolta, Christian Slater, Samantha Mathis, Delroy Lindo;61.0;61;Feb;1996;Twentieth Century Fox Home Entertainment
73.0;1 win & 1 nomination.;https://ia.media-imdb.com/images/M/MV5BMTIyMDEwMDAyMl5BMl5BanBnXkFtZTYwOTUwNTk4._V1_SX300.jpg;1995;Kenneth Branagh;UK;Kenneth Branagh;99;1996;tt0113403;A Midwinter's Tale;7.3;English;2,150;Out of work actor Joe volunteers to help try and save his sister's local church for the community by putting on a Christmas production of Hamlet, somewhat against the advice of his agent ...;Comedy;81;Richard Briers, Hetta Charnley, Joan Collins, Nicholas Farrell;0;N/A;Feb;1996;N/A
81.0;8 wins & 13 nominations.;https://m.media-amazon.com/images/M/MV5BNDNiOTA5YjktY2Q0Ni00ODgzLWE5MWItNGExOWRlYjY2MjBlXkEyXkFqcGdeQXVyNjQ2MjQ5NzM@._V1_SX300.jpg;1995;Mathieu Kassovitz;France;Mathieu Kassovitz;98;2007;tt0113247;La Haine;8.1;French;126,787;24 hours in the lives of three young men in the French suburbs the day after a violent riot.;Crime, Drama;100;Vincent Cassel, Hubert Koundé, Saïd Taghmaoui, Abdel Ahmed Ghili;0;N/A;Feb;1996;Criterion Collection
66.0;1 nomination.;https://images-na.ssl-images-amazon.com/images/M/MV5BMTc4NDc5NzQzNF5BMl5BanBnXkFtZTcwMDUyODkxMQ@@._V1_SX300.jpg;1995;N/A;UK, Germany, USA, Canada;Nick Broomfield;106;2000;tt0113283;Heidi Fleiss: Hollywood Madam;6.6;English;585;A documentary crew from the BBC arrives in L.A. intent on interviewing Heidi Fleiss, a year after her arrest for running a brothel but before her trial. Several months elapse before the ...;Documentary, Biography;75;Nick Broomfield, Nina Xining Zuo, Madam Alex, Corinne Bohrer;0;N/A;Feb;1996;BMG
62.0;1 nomination.;https://m.media-amazon.com/images/M/MV5BNDlhNDc3MmEtODJkMS00YmVlLWI4MTUtNDRkMTFhYjk1NDdlXkEyXkFqcGdeQXVyMTMxMTY0OTQ@._V1_SX300.jpg;1996;Ken Lipper, Paul Schrader, Nicholas Pileggi, Bo Goldman;USA;Harold Becker;111;1999;tt0115907;City Hall;6.2;English;18,117;The accidental shooting of a boy in New York leads to an investigation by the Deputy Mayor, and unexpectedly far-reaching consequences.;Drama;54;Al Pacino, John Cusack, Bridget Fonda, Danny Aiello;0;N/A;Feb;1996;Sony Pictures Home Entertainment
71.0;2 wins & 1 nomination.;https://m.media-amazon.com/images/M/MV5BNDA3NGEwZGYtN2I0Yy00M2E3LWEzNmItNzUwOWUyYmUzYWZmXkEyXkFqcGdeQXVyNTgzMzU5MDI@._V1_SX300.jpg;1996;Owen Wilson, Wes Anderson;USA;Wes Anderson;91;1998;tt0115734;Bottle Rocket;7.1;English, Spanish;62,638;Three friends plan to pull off a simple robbery and go on the run.;Comedy, Crime, Drama;85;Luke Wilson, Owen Wilson, Ned Dowd, Shea Fowler;66.0;66;Feb;1996;Columbia Pictures
38.0;2 nominations.;https://m.media-amazon.com/images/M/MV5BMTM0MTAxMjcyMl5BMl5BanBnXkFtZTcwMTIzMTEyMQ@@._V1_SX300.jpg;1996;Chris Matheson, Kerry Ehrin, Craig Munson;USA;Nick Castle;96;2002;tt0117102;Mr. Wrong;3.8;English;4,598;A single and lonely woman finds the seemingly perfect man to date, but soon regrets it when his deranged and possessive other personality emerges and worst still, she cannot convince anyone else of his Jekyll/Hyde true nature.;Comedy;7;Ellen DeGeneres, Bill Pullman, Joan Cusack, Dean Stockwell;0;N/A;Feb;1996;Mandeville Films
60.0;1 win.;https://images-na.ssl-images-amazon.com/images/M/MV5BMjE4MjA4MzIxMV5BMl5BanBnXkFtZTcwMTg3Mjg3NA@@._V1_SX300.jpg;1996;Bill Geddie;USA;John Dahl;117;2002;tt0118040;Unforgettable;6.0;English, Spanish;4,322;Unsuccessfully framed for his wife's murder, Dr. David Krane attempts to find the real culprit by utilizing a new drug that allows him to experience the memories of other people first-hand....;Drama, Mystery, Sci-Fi;21;Ray Liotta, Linda Fiorentino, Peter Coyote, Christopher McDonald;0;N/A;Feb;1996;MGM Home Entertainment
70.0;1 win & 4 nominations.;https://m.media-amazon.com/images/M/MV5BZWI2NjliOTYtZjE1OS00YzAyLWJjYTQtYWNmZTQzMTQzNzVjXkEyXkFqcGdeQXVyMTQxNzMzNDI@._V1_SX300.jpg;1996;Tim Herlihy, Adam Sandler;USA;Dennis Dugan;92;1998;tt0116483;Happy Gilmore;7.0;English;176,060;A rejected hockey player puts his skills to the golf course to save his grandmother's house.;Comedy, Sport;61;Adam Sandler, Christopher McDonald, Julie Bowen, Frances Bay;31.0;31;Feb;1996;MCA Universal Home Video
76.0;Nominated for 1 Oscar. Another 6 wins & 14 nominations.;https://m.media-amazon.com/images/M/MV5BOTczNjIwMDM0MF5BMl5BanBnXkFtZTgwNzEzNTU1NTM@._V1_SX300.jpg;1995;Richard LaGravenese (screenplay), Robert James Waller (novel);USA;Clint Eastwood;135;1997;tt0112579;The Bridges of Madison County;7.6;English;63,367;Photographer Robert Kincaid wanders into the life of housewife Francesca Johnson, for four days in the 1960s.;Drama, Romance;90;Clint Eastwood, Meryl Streep, Annie Corley, Victor Slezak;66.0;66;Jun;1995;Warner Bros.
73.0;3 wins & 1 nomination.;https://m.media-amazon.com/images/M/MV5BMTM1NzQ2NjQ3Ml5BMl5BanBnXkFtZTcwNzg5NjYxMQ@@._V1_SX300.jpg;1994;Doris Dörrie (screenplay), Doris Dörrie (short story);Germany;Doris Dörrie;104;;tt0110251;Nobody Loves Me;7.3;German;1,059;On the brink of her 30th birthday, Fanny feels the door to marital happiness closing up on her. She is obsessed with death, even visits evening classes on dying and so it seems fitting, ...;Comedy, Drama;67;Maria Schrader, Pierre Sanoussi-Bliss, Michael von Au, Elisabeth Trissenaar;0;N/A;Jan;1995;Cinépix Film Properties (CFP)
70.0;4 nominations.;https://m.media-amazon.com/images/M/MV5BMTlmNzhiMWEtOWVjZC00NmM0LTgxNDItMDJmYTkxYTZkY2FjXkEyXkFqcGdeQXVyNTUyMzE4Mzg@._V1_SX300.jpg;1996;Robert Louis Stevenson (novel), Jerry Juhl (screenplay), Kirk R. Thatcher (screenplay), James V. Hart (screenplay);USA;Brian Henson, David Lane;99;2002;tt0117110;Muppet Treasure Island;7.0;English;18,456;The Muppets' twist on the classic tale.;Action, Adventure, Comedy, Family, Musical, Romance;71;Tim Curry, Billy Connolly, Jennifer Saunders, Kevin Bishop;64.0;64;Feb;1996;Buena Vista
64.0;N/A;https://images-na.ssl-images-amazon.com/images/M/MV5BMTYxNzk1NjMxN15BMl5BanBnXkFtZTcwNjk0ODkxMQ@@._V1_SX300.jpg;1995;N/A;USA;Robert Leacock;95;1996;tt0112646;Catwalk;6.4;English;174;A camera follows model Christy Turlington through the spring fashion shows in Milan, Paris, and New York one year in the early 1990s, probably 1992. She and others dash from one designer's ...;Documentary;29;Christy Turlington, Azzedine Alaïa, Giorgio Armani, Nadja Auermann;0;N/A;May;1996;Arrow
84.0;Won 5 Oscars. Another 26 wins & 28 nominations.;https://m.media-amazon.com/images/M/MV5BMzkzMmU0YTYtOWM3My00YzBmLWI0YzctOGYyNTkwMWE5MTJkXkEyXkFqcGdeQXVyNzkwMjQ5NzM@._V1_SX300.jpg;1995;Randall Wallace;USA;Mel Gibson;178;2000;tt0112573;Braveheart;8.4;English, French, Latin, Scottish Gaelic, Italian;866,876;When his secret bride is executed for assaulting an English soldier who tried to rape her, Sir William Wallace begins a revolt against King Edward I of England.;Biography, Drama, History, War;76;James Robinson, Sean Lawlor, Sandy Nelson, James Cosmo;68.0;68;May;1995;Paramount Pictures
83.0;Nominated for 4 Oscars. Another 21 wins & 15 nominations.;https://m.media-amazon.com/images/M/MV5BM2M1MmVhNDgtNmI0YS00ZDNmLTkyNjctNTJiYTQ2N2NmYzc2XkEyXkFqcGdeQXVyNzkwMjQ5NzM@._V1_SX300.jpg;1976;Paul Schrader;USA;Martin Scorsese;114;1999;tt0075314;Taxi Driver;8.3;English, Spanish;612,492;A mentally unstable veteran works as a nighttime taxi driver in New York City, where the perceived decadence and sleaze fuels his urge for violent action by attempting to liberate a presidential campaign worker and an underage prostitute.;Crime, Drama;98;Diahnne Abbott, Frank Adu, Victor Argo, Gino Ardito;94.0;94;Feb;1976;Columbia Pictures
